Title,Price,Image
Barritas Redonda de Ternera para Perro 400 Gr.,4.20 €,https://www.petsonic.com/3120-cart_default/hobbit-alf-barritas-redonda-ternera-para-perros.jpg
Barritas Redonda de Ternera para Perro 900 Gr.,7.80 €,https://www.petsonic.com/3121-cart_default/hobbit-alf-barritas-redonda-ternera-para-perros.jpg
Barritas Redonda de Cordero para Perro 400 Gr.,4.20 €,https://www.petsonic.com/3126-cart_default/hobbit-alf-barritas-redonda-cordero-para-perros.jpg
Barritas Redonda de Cordero para Perro 900 Gr.,7.80 €,https://www.petsonic.com/3127-cart_default/hobbit-alf-barritas-redonda-cordero-para-perros.jpg
Barritas Redonda de Pollo para Perro 400 Gr.,4.20 €,https://www.petsonic.com/3128-cart_default/hobbit-alf-barritas-redonda-pollo-para-perros.jpg
Barritas Redonda de Pollo para Perro 900 Gr.,7.80 €,https://www.petsonic.com/3129-cart_default/hobbit-alf-barritas-redonda-pollo-para-perros.jpg
Mini Huesitos Tiernos Mix para Perros 500 Gr.,3.60 €,https://www.petsonic.com/3135-cart_default/hobbit-alf-mini-huesitos-tiernos-mix-para-perros.jpg
Snack Toffy Salmón para Perro 250 Gr.,3.10 €,https://www.petsonic.com/10933-cart_default/nayeco-snack-toffy-salmon-para-perros.jpg
Snack Toffy Pollo para Perro 75 Gr.,2.75 €,https://www.petsonic.com/11042-cart_default/nayeco-snack-toffy-pollo-para-perros.jpg
Snack Toffy Cordero para Perro 75 Gr.,2.75 €,https://www.petsonic.com/11044-cart_default/nayeco-snack-toffy-cordero-para-perros.jpg
Snack Toffy Surtido para Perro 250 Gr.,2.75 €,https://www.petsonic.com/11167-cart_default/nayeco-snack-toffy-surtido-para-perros.jpg
Barrita de Cordero 500 Gr.,4.70 €,https://www.petsonic.com/3194-cart_default/nayeco-barrita-cordero-para-perros.jpg
Delidog Barritas de Pollo 800 Gr.,8.10 €,https://www.petsonic.com/8020-cart_default/delidog-barritas-pollo-para-perros.jpg
Delidog Barritas de Buey 800 Gr.,8.10 €,https://www.petsonic.com/8018-cart_default/delidog-barritas-buey-para-perros.jpg
Delidog Barritas de Salmón 800 Gr.,8.10 €,https://www.petsonic.com/8021-cart_default/delidog-barritas-salmon-para-perros.jpg
Delidog Barritas de Cordero 800 Gr.,8.10 €,https://www.petsonic.com/8019-cart_default/delidog-barritas-cordero-para-perros.jpg
Delidog Barritas Grain Free 800 Gr.,8.10 €,https://www.petsonic.com/8022-cart_default/delidog-barritas-grain-free-para-perros.jpg
Barritas de Pollo con Omega-3 para Perro 1 Kg.,15.80 €,https://www.petsonic.com/11133-cart_default/hobbit-alf-barritas-pollo-omega-3-para-perros.jpg
Barritas de Cordero Omega-3 para Perro 1 Kg.,15.80 €,https://www.petsonic.com/11132-cart_default/hobbit-alf-barritas-cordero-omega-3-para-perros.jpg
Barritas de Ternera con Omega-3 para Perro 1 Kg.,15.80 €,https://www.petsonic.com/11134-cart_default/hobbit-alf-barritas-ternera-omega-3-para-perros.jpg
Bocaditos Tiernos de Salmón para Perro 1 Unidad.,1.25 €,https://www.petsonic.com/11081-cart_default/hobbit-alf-bocaditos-tiernos-salmon-para-perros.jpg
Bocaditos Tiernos de Salmón para Perro 16 Unidades,18.95 €,""
Estrellas Tiernas de Salmón y Queso para Perro 1 Unidad.,1.25 €,https://www.petsonic.com/11078-cart_default/hobbit-alf-estrellas-tiernas-salmon-queso-para-perros.jpg
Estrellas Tiernas de Salmón y Queso para Perro 16 Unidades,18.95 €,""
Barritas Redonda de Ternera para Perro 400 Gr.,4.20 €,https://www.petsonic.com/3120-cart_default/hobbit-alf-barritas-redonda-ternera-para-perros.jpg
Barritas Redonda de Ternera para Perro 900 Gr.,7.80 €,https://www.petsonic.com/3121-cart_default/hobbit-alf-barritas-redonda-ternera-para-perros.jpg
Barritas Redonda de Cordero para Perro 400 Gr.,4.20 €,https://www.petsonic.com/3126-cart_default/hobbit-alf-barritas-redonda-cordero-para-perros.jpg
Barritas Redonda de Cordero para Perro 900 Gr.,7.80 €,https://www.petsonic.com/3127-cart_default/hobbit-alf-barritas-redonda-cordero-para-perros.jpg
Barritas Redonda de Pollo para Perro 400 Gr.,4.20 €,https://www.petsonic.com/3128-cart_default/hobbit-alf-barritas-redonda-pollo-para-perros.jpg
Barritas Redonda de Pollo para Perro 900 Gr.,7.80 €,https://www.petsonic.com/3129-cart_default/hobbit-alf-barritas-redonda-pollo-para-perros.jpg
Mini Huesitos Tiernos Mix para Perros 500 Gr.,3.60 €,https://www.petsonic.com/3135-cart_default/hobbit-alf-mini-huesitos-tiernos-mix-para-perros.jpg
Snack Toffy Salmón para Perro 250 Gr.,3.10 €,https://www.petsonic.com/10933-cart_default/nayeco-snack-toffy-salmon-para-perros.jpg
Snack Toffy Pollo para Perro 75 Gr.,2.75 €,https://www.petsonic.com/11042-cart_default/nayeco-snack-toffy-pollo-para-perros.jpg
Snack Toffy Cordero para Perro 75 Gr.,2.75 €,https://www.petsonic.com/11044-cart_default/nayeco-snack-toffy-cordero-para-perros.jpg
Snack Toffy Surtido para Perro 250 Gr.,2.75 €,https://www.petsonic.com/11167-cart_default/nayeco-snack-toffy-surtido-para-perros.jpg
Barrita de Cordero 500 Gr.,4.70 €,https://www.petsonic.com/3194-cart_default/nayeco-barrita-cordero-para-perros.jpg
Delidog Barritas de Pollo 800 Gr.,8.10 €,https://www.petsonic.com/8020-cart_default/delidog-barritas-pollo-para-perros.jpg
Delidog Barritas de Buey 800 Gr.,8.10 €,https://www.petsonic.com/8018-cart_default/delidog-barritas-buey-para-perros.jpg
Delidog Barritas de Salmón 800 Gr.,8.10 €,https://www.petsonic.com/8021-cart_default/delidog-barritas-salmon-para-perros.jpg
Delidog Barritas de Cordero 800 Gr.,8.10 €,https://www.petsonic.com/8019-cart_default/delidog-barritas-cordero-para-perros.jpg
Delidog Barritas Grain Free 800 Gr.,8.10 €,https://www.petsonic.com/8022-cart_default/delidog-barritas-grain-free-para-perros.jpg
Barritas de Pollo con Omega-3 para Perro 1 Kg.,15.80 €,https://www.petsonic.com/11133-cart_default/hobbit-alf-barritas-pollo-omega-3-para-perros.jpg
Barritas de Cordero Omega-3 para Perro 1 Kg.,15.80 €,https://www.petsonic.com/11132-cart_default/hobbit-alf-barritas-cordero-omega-3-para-perros.jpg
Barritas de Ternera con Omega-3 para Perro 1 Kg.,15.80 €,https://www.petsonic.com/11134-cart_default/hobbit-alf-barritas-ternera-omega-3-para-perros.jpg
Bocaditos Tiernos de Salmón para Perro 1 Unidad.,1.25 €,https://www.petsonic.com/11081-cart_default/hobbit-alf-bocaditos-tiernos-salmon-para-perros.jpg
Bocaditos Tiernos de Salmón para Perro 16 Unidades,18.95 €,""
Estrellas Tiernas de Salmón y Queso para Perro 1 Unidad.,1.25 €,https://www.petsonic.com/11078-cart_default/hobbit-alf-estrellas-tiernas-salmon-queso-para-perros.jpg
Estrellas Tiernas de Salmón y Queso para Perro 16 Unidades,18.95 €,""
Barritas Redonda de Ternera para Perro 400 Gr.,4.20 €,https://www.petsonic.com/3120-cart_default/hobbit-alf-barritas-redonda-ternera-para-perros.jpg
Barritas Redonda de Ternera para Perro 900 Gr.,7.80 €,https://www.petsonic.com/3121-cart_default/hobbit-alf-barritas-redonda-ternera-para-perros.jpg
Barritas Redonda de Cordero para Perro 400 Gr.,4.20 €,https://www.petsonic.com/3126-cart_default/hobbit-alf-barritas-redonda-cordero-para-perros.jpg
Barritas Redonda de Cordero para Perro 900 Gr.,7.80 €,https://www.petsonic.com/3127-cart_default/hobbit-alf-barritas-redonda-cordero-para-perros.jpg
Barritas Redonda de Pollo para Perro 400 Gr.,4.20 €,https://www.petsonic.com/3128-cart_default/hobbit-alf-barritas-redonda-pollo-para-perros.jpg
Barritas Redonda de Pollo para Perro 900 Gr.,7.80 €,https://www.petsonic.com/3129-cart_default/hobbit-alf-barritas-redonda-pollo-para-perros.jpg
Mini Huesitos Tiernos Mix para Perros 500 Gr.,3.60 €,https://www.petsonic.com/3135-cart_default/hobbit-alf-mini-huesitos-tiernos-mix-para-perros.jpg
Snack Toffy Salmón para Perro 250 Gr.,3.10 €,https://www.petsonic.com/10933-cart_default/nayeco-snack-toffy-salmon-para-perros.jpg
Snack Toffy Pollo para Perro 75 Gr.,2.75 €,https://www.petsonic.com/11042-cart_default/nayeco-snack-toffy-pollo-para-perros.jpg
Snack Toffy Cordero para Perro 75 Gr.,2.75 €,https://www.petsonic.com/11044-cart_default/nayeco-snack-toffy-cordero-para-perros.jpg
Snack Toffy Surtido para Perro 250 Gr.,2.75 €,https://www.petsonic.com/11167-cart_default/nayeco-snack-toffy-surtido-para-perros.jpg
Barrita de Cordero 500 Gr.,4.70 €,https://www.petsonic.com/3194-cart_default/nayeco-barrita-cordero-para-perros.jpg
Delidog Barritas de Pollo 800 Gr.,8.10 €,https://www.petsonic.com/8020-cart_default/delidog-barritas-pollo-para-perros.jpg
Delidog Barritas de Buey 800 Gr.,8.10 €,https://www.petsonic.com/8018-cart_default/delidog-barritas-buey-para-perros.jpg
Delidog Barritas de Salmón 800 Gr.,8.10 €,https://www.petsonic.com/8021-cart_default/delidog-barritas-salmon-para-perros.jpg
Delidog Barritas de Cordero 800 Gr.,8.10 €,https://www.petsonic.com/8019-cart_default/delidog-barritas-cordero-para-perros.jpg
Delidog Barritas Grain Free 800 Gr.,8.10 €,https://www.petsonic.com/8022-cart_default/delidog-barritas-grain-free-para-perros.jpg
Barritas de Pollo con Omega-3 para Perro 1 Kg.,15.80 €,https://www.petsonic.com/11133-cart_default/hobbit-alf-barritas-pollo-omega-3-para-perros.jpg
Barritas de Cordero Omega-3 para Perro 1 Kg.,15.80 €,https://www.petsonic.com/11132-cart_default/hobbit-alf-barritas-cordero-omega-3-para-perros.jpg
Barritas de Ternera con Omega-3 para Perro 1 Kg.,15.80 €,https://www.petsonic.com/11134-cart_default/hobbit-alf-barritas-ternera-omega-3-para-perros.jpg
Bocaditos Tiernos de Salmón para Perro 1 Unidad.,1.25 €,https://www.petsonic.com/11081-cart_default/hobbit-alf-bocaditos-tiernos-salmon-para-perros.jpg
Bocaditos Tiernos de Salmón para Perro 16 Unidades,18.95 €,""
Estrellas Tiernas de Salmón y Queso para Perro 1 Unidad.,1.25 €,https://www.petsonic.com/11078-cart_default/hobbit-alf-estrellas-tiernas-salmon-queso-para-perros.jpg
Estrellas Tiernas de Salmón y Queso para Perro 16 Unidades,18.95 €,""
Barritas Redonda de Ternera para Perro 400 Gr.,4.20 €,https://www.petsonic.com/3120-cart_default/hobbit-alf-barritas-redonda-ternera-para-perros.jpg
Barritas Redonda de Ternera para Perro 900 Gr.,7.80 €,https://www.petsonic.com/3121-cart_default/hobbit-alf-barritas-redonda-ternera-para-perros.jpg
Barritas Redonda de Cordero para Perro 400 Gr.,4.20 €,https://www.petsonic.com/3126-cart_default/hobbit-alf-barritas-redonda-cordero-para-perros.jpg
Barritas Redonda de Cordero para Perro 900 Gr.,7.80 €,https://www.petsonic.com/3127-cart_default/hobbit-alf-barritas-redonda-cordero-para-perros.jpg
Barritas Redonda de Pollo para Perro 400 Gr.,4.20 €,https://www.petsonic.com/3128-cart_default/hobbit-alf-barritas-redonda-pollo-para-perros.jpg
Barritas Redonda de Pollo para Perro 900 Gr.,7.80 €,https://www.petsonic.com/3129-cart_default/hobbit-alf-barritas-redonda-pollo-para-perros.jpg
Mini Huesitos Tiernos Mix para Perros 500 Gr.,3.60 €,https://www.petsonic.com/3135-cart_default/hobbit-alf-mini-huesitos-tiernos-mix-para-perros.jpg
Snack Toffy Salmón para Perro 250 Gr.,3.10 €,https://www.petsonic.com/10933-cart_default/nayeco-snack-toffy-salmon-para-perros.jpg
Snack Toffy Pollo para Perro 75 Gr.,2.75 €,https://www.petsonic.com/11042-cart_default/nayeco-snack-toffy-pollo-para-perros.jpg
Snack Toffy Cordero para Perro 75 Gr.,2.75 €,https://www.petsonic.com/11044-cart_default/nayeco-snack-toffy-cordero-para-perros.jpg
Snack Toffy Surtido para Perro 250 Gr.,2.75 €,https://www.petsonic.com/11167-cart_default/nayeco-snack-toffy-surtido-para-perros.jpg
Barrita de Cordero 500 Gr.,4.70 €,https://www.petsonic.com/3194-cart_default/nayeco-barrita-cordero-para-perros.jpg
Delidog Barritas de Pollo 800 Gr.,8.10 €,https://www.petsonic.com/8020-cart_default/delidog-barritas-pollo-para-perros.jpg
Delidog Barritas de Buey 800 Gr.,8.10 €,https://www.petsonic.com/8018-cart_default/delidog-barritas-buey-para-perros.jpg
Delidog Barritas de Salmón 800 Gr.,8.10 €,https://www.petsonic.com/8021-cart_default/delidog-barritas-salmon-para-perros.jpg
Delidog Barritas de Cordero 800 Gr.,8.10 €,https://www.petsonic.com/8019-cart_default/delidog-barritas-cordero-para-perros.jpg
Delidog Barritas Grain Free 800 Gr.,8.10 €,https://www.petsonic.com/8022-cart_default/delidog-barritas-grain-free-para-perros.jpg
Barritas de Pollo con Omega-3 para Perro 1 Kg.,15.80 €,https://www.petsonic.com/11133-cart_default/hobbit-alf-barritas-pollo-omega-3-para-perros.jpg
Barritas de Cordero Omega-3 para Perro 1 Kg.,15.80 €,https://www.petsonic.com/11132-cart_default/hobbit-alf-barritas-cordero-omega-3-para-perros.jpg
Barritas de Ternera con Omega-3 para Perro 1 Kg.,15.80 €,https://www.petsonic.com/11134-cart_default/hobbit-alf-barritas-ternera-omega-3-para-perros.jpg
Bocaditos Tiernos de Salmón para Perro 1 Unidad.,1.25 €,https://www.petsonic.com/11081-cart_default/hobbit-alf-bocaditos-tiernos-salmon-para-perros.jpg
Bocaditos Tiernos de Salmón para Perro 16 Unidades,18.95 €,""
Estrellas Tiernas de Salmón y Queso para Perro 1 Unidad.,1.25 €,https://www.petsonic.com/11078-cart_default/hobbit-alf-estrellas-tiernas-salmon-queso-para-perros.jpg
Estrellas Tiernas de Salmón y Queso para Perro 16 Unidades,18.95 €,""
Barritas Redonda de Ternera para Perro 400 Gr.,4.20 €,https://www.petsonic.com/3120-cart_default/hobbit-alf-barritas-redonda-ternera-para-perros.jpg
Barritas Redonda de Ternera para Perro 900 Gr.,7.80 €,https://www.petsonic.com/3121-cart_default/hobbit-alf-barritas-redonda-ternera-para-perros.jpg
Barritas Redonda de Cordero para Perro 400 Gr.,4.20 €,https://www.petsonic.com/3126-cart_default/hobbit-alf-barritas-redonda-cordero-para-perros.jpg
Barritas Redonda de Cordero para Perro 900 Gr.,7.80 €,https://www.petsonic.com/3127-cart_default/hobbit-alf-barritas-redonda-cordero-para-perros.jpg
Barritas Redonda de Pollo para Perro 400 Gr.,4.20 €,https://www.petsonic.com/3128-cart_default/hobbit-alf-barritas-redonda-pollo-para-perros.jpg
Barritas Redonda de Pollo para Perro 900 Gr.,7.80 €,https://www.petsonic.com/3129-cart_default/hobbit-alf-barritas-redonda-pollo-para-perros.jpg
Mini Huesitos Tiernos Mix para Perros 500 Gr.,3.60 €,https://www.petsonic.com/3135-cart_default/hobbit-alf-mini-huesitos-tiernos-mix-para-perros.jpg
Snack Toffy Salmón para Perro 250 Gr.,3.10 €,https://www.petsonic.com/10933-cart_default/nayeco-snack-toffy-salmon-para-perros.jpg
Snack Toffy Pollo para Perro 75 Gr.,2.75 €,https://www.petsonic.com/11042-cart_default/nayeco-snack-toffy-pollo-para-perros.jpg
Snack Toffy Cordero para Perro 75 Gr.,2.75 €,https://www.petsonic.com/11044-cart_default/nayeco-snack-toffy-cordero-para-perros.jpg
Snack Toffy Surtido para Perro 250 Gr.,2.75 €,https://www.petsonic.com/11167-cart_default/nayeco-snack-toffy-surtido-para-perros.jpg
Barrita de Cordero 500 Gr.,4.70 €,https://www.petsonic.com/3194-cart_default/nayeco-barrita-cordero-para-perros.jpg
Delidog Barritas de Pollo 800 Gr.,8.10 €,https://www.petsonic.com/8020-cart_default/delidog-barritas-pollo-para-perros.jpg
Delidog Barritas de Buey 800 Gr.,8.10 €,https://www.petsonic.com/8018-cart_default/delidog-barritas-buey-para-perros.jpg
Delidog Barritas de Salmón 800 Gr.,8.10 €,https://www.petsonic.com/8021-cart_default/delidog-barritas-salmon-para-perros.jpg
Delidog Barritas de Cordero 800 Gr.,8.10 €,https://www.petsonic.com/8019-cart_default/delidog-barritas-cordero-para-perros.jpg
Delidog Barritas Grain Free 800 Gr.,8.10 €,https://www.petsonic.com/8022-cart_default/delidog-barritas-grain-free-para-perros.jpg
Barritas de Pollo con Omega-3 para Perro 1 Kg.,15.80 €,https://www.petsonic.com/11133-cart_default/hobbit-alf-barritas-pollo-omega-3-para-perros.jpg
Barritas de Cordero Omega-3 para Perro 1 Kg.,15.80 €,https://www.petsonic.com/11132-cart_default/hobbit-alf-barritas-cordero-omega-3-para-perros.jpg
Barritas de Ternera con Omega-3 para Perro 1 Kg.,15.80 €,https://www.petsonic.com/11134-cart_default/hobbit-alf-barritas-ternera-omega-3-para-perros.jpg
Bocaditos Tiernos de Salmón para Perro 1 Unidad.,1.25 €,https://www.petsonic.com/11081-cart_default/hobbit-alf-bocaditos-tiernos-salmon-para-perros.jpg
Bocaditos Tiernos de Salmón para Perro 16 Unidades,18.95 €,""
Estrellas Tiernas de Salmón y Queso para Perro 1 Unidad.,1.25 €,https://www.petsonic.com/11078-cart_default/hobbit-alf-estrellas-tiernas-salmon-queso-para-perros.jpg
Estrellas Tiernas de Salmón y Queso para Perro 16 Unidades,18.95 €,""
Barritas Redonda de Ternera para Perro 400 Gr.,4.20 €,https://www.petsonic.com/3120-cart_default/hobbit-alf-barritas-redonda-ternera-para-perros.jpg
Barritas Redonda de Ternera para Perro 900 Gr.,7.80 €,https://www.petsonic.com/3121-cart_default/hobbit-alf-barritas-redonda-ternera-para-perros.jpg
Barritas Redonda de Cordero para Perro 400 Gr.,4.20 €,https://www.petsonic.com/3126-cart_default/hobbit-alf-barritas-redonda-cordero-para-perros.jpg
Barritas Redonda de Cordero para Perro 900 Gr.,7.80 €,https://www.petsonic.com/3127-cart_default/hobbit-alf-barritas-redonda-cordero-para-perros.jpg
Barritas Redonda de Pollo para Perro 400 Gr.,4.20 €,https://www.petsonic.com/3128-cart_default/hobbit-alf-barritas-redonda-pollo-para-perros.jpg
Barritas Redonda de Pollo para Perro 900 Gr.,7.80 €,https://www.petsonic.com/3129-cart_default/hobbit-alf-barritas-redonda-pollo-para-perros.jpg
Mini Huesitos Tiernos Mix para Perros 500 Gr.,3.60 €,https://www.petsonic.com/3135-cart_default/hobbit-alf-mini-huesitos-tiernos-mix-para-perros.jpg
Snack Toffy Salmón para Perro 250 Gr.,3.10 €,https://www.petsonic.com/10933-cart_default/nayeco-snack-toffy-salmon-para-perros.jpg
Snack Toffy Pollo para Perro 75 Gr.,2.75 €,https://www.petsonic.com/11042-cart_default/nayeco-snack-toffy-pollo-para-perros.jpg
Snack Toffy Cordero para Perro 75 Gr.,2.75 €,https://www.petsonic.com/11044-cart_default/nayeco-snack-toffy-cordero-para-perros.jpg
Snack Toffy Surtido para Perro 250 Gr.,2.75 €,https://www.petsonic.com/11167-cart_default/nayeco-snack-toffy-surtido-para-perros.jpg
Barrita de Cordero 500 Gr.,4.70 €,https://www.petsonic.com/3194-cart_default/nayeco-barrita-cordero-para-perros.jpg
Delidog Barritas de Pollo 800 Gr.,8.10 €,https://www.petsonic.com/8020-cart_default/delidog-barritas-pollo-para-perros.jpg
Delidog Barritas de Buey 800 Gr.,8.10 €,https://www.petsonic.com/8018-cart_default/delidog-barritas-buey-para-perros.jpg
Delidog Barritas de Salmón 800 Gr.,8.10 €,https://www.petsonic.com/8021-cart_default/delidog-barritas-salmon-para-perros.jpg
Delidog Barritas de Cordero 800 Gr.,8.10 €,https://www.petsonic.com/8019-cart_default/delidog-barritas-cordero-para-perros.jpg
Delidog Barritas Grain Free 800 Gr.,8.10 €,https://www.petsonic.com/8022-cart_default/delidog-barritas-grain-free-para-perros.jpg
Barritas de Pollo con Omega-3 para Perro 1 Kg.,15.80 €,https://www.petsonic.com/11133-cart_default/hobbit-alf-barritas-pollo-omega-3-para-perros.jpg
Barritas de Cordero Omega-3 para Perro 1 Kg.,15.80 €,https://www.petsonic.com/11132-cart_default/hobbit-alf-barritas-cordero-omega-3-para-perros.jpg
Barritas de Ternera con Omega-3 para Perro 1 Kg.,15.80 €,https://www.petsonic.com/11134-cart_default/hobbit-alf-barritas-ternera-omega-3-para-perros.jpg
Bocaditos Tiernos de Salmón para Perro 1 Unidad.,1.25 €,https://www.petsonic.com/11081-cart_default/hobbit-alf-bocaditos-tiernos-salmon-para-perros.jpg
Bocaditos Tiernos de Salmón para Perro 16 Unidades,18.95 €,""
Estrellas Tiernas de Salmón y Queso para Perro 1 Unidad.,1.25 €,https://www.petsonic.com/11078-cart_default/hobbit-alf-estrellas-tiernas-salmon-queso-para-perros.jpg
Estrellas Tiernas de Salmón y Queso para Perro 16 Unidades,18.95 €,""
Barritas Redonda de Ternera para Perro 400 Gr.,4.20 €,https://www.petsonic.com/3120-cart_default/hobbit-alf-barritas-redonda-ternera-para-perros.jpg
Barritas Redonda de Ternera para Perro 900 Gr.,7.80 €,https://www.petsonic.com/3121-cart_default/hobbit-alf-barritas-redonda-ternera-para-perros.jpg
Barritas Redonda de Cordero para Perro 400 Gr.,4.20 €,https://www.petsonic.com/3126-cart_default/hobbit-alf-barritas-redonda-cordero-para-perros.jpg
Barritas Redonda de Cordero para Perro 900 Gr.,7.80 €,https://www.petsonic.com/3127-cart_default/hobbit-alf-barritas-redonda-cordero-para-perros.jpg
Barritas Redonda de Pollo para Perro 400 Gr.,4.20 €,https://www.petsonic.com/3128-cart_default/hobbit-alf-barritas-redonda-pollo-para-perros.jpg
Barritas Redonda de Pollo para Perro 900 Gr.,7.80 €,https://www.petsonic.com/3129-cart_default/hobbit-alf-barritas-redonda-pollo-para-perros.jpg
Mini Huesitos Tiernos Mix para Perros 500 Gr.,3.60 €,https://www.petsonic.com/3135-cart_default/hobbit-alf-mini-huesitos-tiernos-mix-para-perros.jpg
Snack Toffy Salmón para Perro 250 Gr.,3.10 €,https://www.petsonic.com/10933-cart_default/nayeco-snack-toffy-salmon-para-perros.jpg
Snack Toffy Pollo para Perro 75 Gr.,2.75 €,https://www.petsonic.com/11042-cart_default/nayeco-snack-toffy-pollo-para-perros.jpg
Snack Toffy Cordero para Perro 75 Gr.,2.75 €,https://www.petsonic.com/11044-cart_default/nayeco-snack-toffy-cordero-para-perros.jpg
Snack Toffy Surtido para Perro 250 Gr.,2.75 €,https://www.petsonic.com/11167-cart_default/nayeco-snack-toffy-surtido-para-perros.jpg
Barrita de Cordero 500 Gr.,4.70 €,https://www.petsonic.com/3194-cart_default/nayeco-barrita-cordero-para-perros.jpg
Delidog Barritas de Pollo 800 Gr.,8.10 €,https://www.petsonic.com/8020-cart_default/delidog-barritas-pollo-para-perros.jpg
Delidog Barritas de Buey 800 Gr.,8.10 €,https://www.petsonic.com/8018-cart_default/delidog-barritas-buey-para-perros.jpg
Delidog Barritas de Salmón 800 Gr.,8.10 €,https://www.petsonic.com/8021-cart_default/delidog-barritas-salmon-para-perros.jpg
Delidog Barritas de Cordero 800 Gr.,8.10 €,https://www.petsonic.com/8019-cart_default/delidog-barritas-cordero-para-perros.jpg
Delidog Barritas Grain Free 800 Gr.,8.10 €,https://www.petsonic.com/8022-cart_default/delidog-barritas-grain-free-para-perros.jpg
Barritas de Pollo con Omega-3 para Perro 1 Kg.,15.80 €,https://www.petsonic.com/11133-cart_default/hobbit-alf-barritas-pollo-omega-3-para-perros.jpg
Barritas de Cordero Omega-3 para Perro 1 Kg.,15.80 €,https://www.petsonic.com/11132-cart_default/hobbit-alf-barritas-cordero-omega-3-para-perros.jpg
Barritas de Ternera con Omega-3 para Perro 1 Kg.,15.80 €,https://www.petsonic.com/11134-cart_default/hobbit-alf-barritas-ternera-omega-3-para-perros.jpg
Bocaditos Tiernos de Salmón para Perro 1 Unidad.,1.25 €,https://www.petsonic.com/11081-cart_default/hobbit-alf-bocaditos-tiernos-salmon-para-perros.jpg
Bocaditos Tiernos de Salmón para Perro 16 Unidades,18.95 €,""
Estrellas Tiernas de Salmón y Queso para Perro 1 Unidad.,1.25 €,https://www.petsonic.com/11078-cart_default/hobbit-alf-estrellas-tiernas-salmon-queso-para-perros.jpg
Estrellas Tiernas de Salmón y Queso para Perro 16 Unidades,18.95 €,""
Barritas Redonda de Ternera para Perro 400 Gr.,4.20 €,https://www.petsonic.com/3120-cart_default/hobbit-alf-barritas-redonda-ternera-para-perros.jpg
Barritas Redonda de Ternera para Perro 900 Gr.,7.80 €,https://www.petsonic.com/3121-cart_default/hobbit-alf-barritas-redonda-ternera-para-perros.jpg
Barritas Redonda de Cordero para Perro 400 Gr.,4.20 €,https://www.petsonic.com/3126-cart_default/hobbit-alf-barritas-redonda-cordero-para-perros.jpg
Barritas Redonda de Cordero para Perro 900 Gr.,7.80 €,https://www.petsonic.com/3127-cart_default/hobbit-alf-barritas-redonda-cordero-para-perros.jpg
Barritas Redonda de Pollo para Perro 400 Gr.,4.20 €,https://www.petsonic.com/3128-cart_default/hobbit-alf-barritas-redonda-pollo-para-perros.jpg
Barritas Redonda de Pollo para Perro 900 Gr.,7.80 €,https://www.petsonic.com/3129-cart_default/hobbit-alf-barritas-redonda-pollo-para-perros.jpg
Mini Huesitos Tiernos Mix para Perros 500 Gr.,3.60 €,https://www.petsonic.com/3135-cart_default/hobbit-alf-mini-huesitos-tiernos-mix-para-perros.jpg
Snack Toffy Salmón para Perro 250 Gr.,3.10 €,https://www.petsonic.com/10933-cart_default/nayeco-snack-toffy-salmon-para-perros.jpg
Snack Toffy Pollo para Perro 75 Gr.,2.75 €,https://www.petsonic.com/11042-cart_default/nayeco-snack-toffy-pollo-para-perros.jpg
Snack Toffy Cordero para Perro 75 Gr.,2.75 €,https://www.petsonic.com/11044-cart_default/nayeco-snack-toffy-cordero-para-perros.jpg
Snack Toffy Surtido para Perro 250 Gr.,2.75 €,https://www.petsonic.com/11167-cart_default/nayeco-snack-toffy-surtido-para-perros.jpg
Barrita de Cordero 500 Gr.,4.70 €,https://www.petsonic.com/3194-cart_default/nayeco-barrita-cordero-para-perros.jpg
Delidog Barritas de Pollo 800 Gr.,8.10 €,https://www.petsonic.com/8020-cart_default/delidog-barritas-pollo-para-perros.jpg
Delidog Barritas de Buey 800 Gr.,8.10 €,https://www.petsonic.com/8018-cart_default/delidog-barritas-buey-para-perros.jpg
